INSERT INTO AUTORIZACOES_SNT (TIPO) VALUES ('TRANSPLANTE RIM');
INSERT INTO AUTORIZACOES_SNT (TIPO) VALUES ('TRANSPLANTE FIGADO');
INSERT INTO AUTORIZACOES_SNT (TIPO) VALUES ('TRANSPLANTE CORACAO');
INSERT INTO AUTORIZACOES_SNT (TIPO) VALUES ('TRANSPLANTE PULMAO');
INSERT INTO AUTORIZACOES_SNT (TIPO) VALUES ('TRANSPLANTE PANCREAS');

INSERT INTO TIPOS_EXAME (TIPO) VALUES ('HEMOGRAMA COMPLETO');
INSERT INTO TIPOS_EXAME (TIPO) VALUES ('URINA');
INSERT INTO TIPOS_EXAME (TIPO) VALUES ('CULTURA DE SANGUE');
INSERT INTO TIPOS_EXAME (TIPO) VALUES ('RAIO X');
INSERT INTO TIPOS_EXAME (TIPO) VALUES ('RESSONANCIA MAGNETICA');

INSERT INTO TIPO_ORGAO (NOME) VALUES ('RIM');
INSERT INTO TIPO_ORGAO (NOME) VALUES ('FIGADO');
INSERT INTO TIPO_ORGAO (NOME) VALUES ('CORACAO');
INSERT INTO TIPO_ORGAO (NOME) VALUES ('PULMAO');
INSERT INTO TIPO_ORGAO (NOME) VALUES ('PANCREAS');

INSERT INTO EQUIPAMENTO (TIPO, DESCRICAO) VALUES ('MAQUINA DE CIRCULACAO EXTRACORPOREA', 'ASSUME AS FUNÇÕES DO CORAÇÃO E DOS PULMÕES');
INSERT INTO EQUIPAMENTO (TIPO, DESCRICAO) VALUES ('COSTOTOMO', 'INSTRUMENTO PARA CORTAR COSTELAS');
INSERT INTO EQUIPAMENTO (TIPO, DESCRICAO) VALUES ('DESFIBRILADOR', 'EQUIPAMENTO PARA RESSUSCITACAO');

INSERT INTO ESPECIALIDADES_MEDICAS(NOME) VALUES ('CIRURGIA CARDIOVASCULAR');
INSERT INTO ESPECIALIDADES_MEDICAS(NOME) VALUES ('CIRURGIA GERAL');
INSERT INTO ESPECIALIDADES_MEDICAS(NOME) VALUES ('NEUROLOGIA');

INSERT INTO HOSPITAL (CNES, NOME, CNPJ, ESTADO, CIDADE, BAIRRO, RUA, NUMERO, NUMERO_SALAS_INTERNACAO, NUMERO_SALAS_CIRURGIA)
    VALUES ('1234567','HOSPITAL SAO RODRIGO LIMA','12.345.678/0001-90','SP', 'SAO PAULO', 'CENTRO', 'RUA ALPHA', 100, 3, 2);
INSERT INTO HOSPITAL (CNES, NOME, CNPJ, ESTADO, CIDADE, BAIRRO, RUA, NUMERO,NUMERO_SALAS_INTERNACAO, NUMERO_SALAS_CIRURGIA)
    VALUES ('7654321','HOSPITAL NOSSA SENHORA','98.765.432/0001-10','RJ', 'RIO DE JANEIRO', 'TIJUCA', 'RUA BETA', 200, 3, 2);
    
INSERT INTO AUTORIZACAO_HOSPITAL (HOSPITAL, AUTORIZACAO_SNT, VALIDADE_AUTORIZACAO) VALUES (1,'TRANSPLANTE RIM',DATE '2026-05-20');
INSERT INTO AUTORIZACAO_HOSPITAL (HOSPITAL, AUTORIZACAO_SNT, VALIDADE_AUTORIZACAO) VALUES (2,'TRANSPLANTE CORACAO',DATE '2027-12-31');
INSERT INTO AUTORIZACAO_HOSPITAL (HOSPITAL, AUTORIZACAO_SNT, VALIDADE_AUTORIZACAO) VALUES (2,'TRANSPLANTE FIGADO',DATE '2026-09-10');

INSERT INTO LABORATORIO (HOSPITAL, NOME, ABERTURA, FECHAMENTO,ESTADO, CIDADE, BAIRRO, RUA, NUMERO) 
    VALUES (1,'LABORATORIO CENTRAL',INTERVAL '00:00' HOUR TO MINUTE, INTERVAL '23:59' HOUR TO MINUTE,'SP', 'SAO PAULO', 'CENTRO', 'RUA ALPHA', 100);
INSERT INTO LABORATORIO (HOSPITAL, NOME, ABERTURA, FECHAMENTO,ESTADO, CIDADE, BAIRRO, RUA, NUMERO) 
    VALUES (2,'LABORATORIO BIOQUIMICO',INTERVAL '06:30' HOUR TO MINUTE, INTERVAL '17:30' HOUR TO MINUTE,'RJ', 'RIO DE JANEIRO', 'TIJUCA', 'RUA BETA', 200);
INSERT INTO LABORATORIO (HOSPITAL, NOME, ABERTURA, FECHAMENTO,ESTADO, CIDADE, BAIRRO, RUA, NUMERO) 
    VALUES (2,'LABORATORIO ANALISE CLINICA',INTERVAL '08:00' HOUR TO MINUTE, INTERVAL '20:00' HOUR TO MINUTE,'RJ', 'RIO DE JANEIRO', 'TIJUCA', 'RUA BETA', 200);

INSERT INTO SALA (HOSPITAL, NUMERO, TEMPO_HIGIENIZACAO, INICIO_ULTIMA_LIMPEZA, TIPO) VALUES (1, 1, INTERVAL '15' MINUTE, TIMESTAMP '2025-11-15 08:00:00', 'I');
INSERT INTO SALA (HOSPITAL, NUMERO, TEMPO_HIGIENIZACAO, INICIO_ULTIMA_LIMPEZA, TIPO) VALUES (1, 2, INTERVAL '30' MINUTE, TIMESTAMP '2025-05-15 09:30:00', 'I');
INSERT INTO SALA (HOSPITAL, NUMERO, TEMPO_HIGIENIZACAO, INICIO_ULTIMA_LIMPEZA, TIPO) VALUES (1, 3, INTERVAL '30' MINUTE, TIMESTAMP '2025-05-15 09:30:00', 'I');
INSERT INTO SALA (HOSPITAL, NUMERO, TEMPO_HIGIENIZACAO, INICIO_ULTIMA_LIMPEZA, TIPO) VALUES (1, 20, INTERVAL '1' HOUR, TIMESTAMP '2025-05-10 16:00:00', 'C');
INSERT INTO SALA (HOSPITAL, NUMERO, TEMPO_HIGIENIZACAO, INICIO_ULTIMA_LIMPEZA, TIPO) VALUES (1, 21, INTERVAL '2' HOUR, TIMESTAMP '2025-05-10 18:00:00', 'C');
INSERT INTO SALA (HOSPITAL, NUMERO, TEMPO_HIGIENIZACAO, INICIO_ULTIMA_LIMPEZA, TIPO) VALUES (2, 1, INTERVAL '30' MINUTE, TIMESTAMP '2025-11-12 18:00:00', 'I');
INSERT INTO SALA (HOSPITAL, NUMERO, TEMPO_HIGIENIZACAO, INICIO_ULTIMA_LIMPEZA, TIPO) VALUES (2, 2, INTERVAL '30' MINUTE, TIMESTAMP '2025-10-15 06:00:00', 'I');
INSERT INTO SALA (HOSPITAL, NUMERO, TEMPO_HIGIENIZACAO, INICIO_ULTIMA_LIMPEZA, TIPO) VALUES (2, 3, INTERVAL '15' MINUTE, TIMESTAMP '2025-10-30 14:00:00', 'I');
INSERT INTO SALA (HOSPITAL, NUMERO, TEMPO_HIGIENIZACAO, INICIO_ULTIMA_LIMPEZA, TIPO) VALUES (2, 100, INTERVAL '2' HOUR, TIMESTAMP '2025-10-15 11:00:00', 'C');
INSERT INTO SALA (HOSPITAL, NUMERO, TEMPO_HIGIENIZACAO, INICIO_ULTIMA_LIMPEZA, TIPO) VALUES (2, 101, INTERVAL '1:30' HOUR TO MINUTE, TIMESTAMP '2025-10-15 14:00:00', 'C');

INSERT INTO SALA_INTERNACAO (HOSPITAL, NUMERO, NUMERO_LEITOS) VALUES (1, 1, 2);
INSERT INTO SALA_INTERNACAO (HOSPITAL, NUMERO, NUMERO_LEITOS) VALUES (1, 2, 1);
INSERT INTO SALA_INTERNACAO (HOSPITAL, NUMERO, NUMERO_LEITOS) VALUES (1, 3, 1);
INSERT INTO SALA_INTERNACAO (HOSPITAL, NUMERO, NUMERO_LEITOS) VALUES (2, 1, 1);
INSERT INTO SALA_INTERNACAO (HOSPITAL, NUMERO, NUMERO_LEITOS) VALUES (2, 2, 1);
INSERT INTO SALA_INTERNACAO (HOSPITAL, NUMERO, NUMERO_LEITOS) VALUES (2, 3, 2);

INSERT INTO SALA_CIRURGICA (HOSPITAL, NUMERO) VALUES (1, 20);
INSERT INTO SALA_CIRURGICA (HOSPITAL, NUMERO) VALUES (1, 21);
INSERT INTO SALA_CIRURGICA (HOSPITAL, NUMERO) VALUES (2, 100);
INSERT INTO SALA_CIRURGICA (HOSPITAL, NUMERO) VALUES (2, 101);

INSERT INTO EXAMES_DISPONIVEIS (LABORATORIO, TIPO) VALUES (1, 'URINA');
INSERT INTO EXAMES_DISPONIVEIS (LABORATORIO, TIPO) VALUES (1, 'HEMOGRAMA COMPLETO');
INSERT INTO EXAMES_DISPONIVEIS (LABORATORIO, TIPO) VALUES (2, 'HEMOGRAMA COMPLETO');
INSERT INTO EXAMES_DISPONIVEIS (LABORATORIO, TIPO) VALUES (3, 'CULTURA DE SANGUE');

INSERT INTO EQUIPAMENTO_SALA_CIRURGICA (HOSPITAL, NUMERO, TIPO_EQUIPAMENTO, QUANTIDADE) VALUES (2, 100, 'COSTOTOMO', 1);
INSERT INTO EQUIPAMENTO_SALA_CIRURGICA (HOSPITAL, NUMERO, TIPO_EQUIPAMENTO, QUANTIDADE) VALUES (2, 101, 'COSTOTOMO', 1);
INSERT INTO EQUIPAMENTO_SALA_CIRURGICA (HOSPITAL, NUMERO, TIPO_EQUIPAMENTO, QUANTIDADE) VALUES (2, 101, 'MAQUINA DE CIRCULACAO EXTRACORPOREA', 1);
INSERT INTO EQUIPAMENTO_SALA_CIRURGICA (HOSPITAL, NUMERO, TIPO_EQUIPAMENTO, QUANTIDADE) VALUES (2, 101, 'DESFIBRILADOR', 1);

--MEDICOS
INSERT INTO PESSOA (CPF, NOME, ESTADO, CIDADE, BAIRRO, RUA, NUMERO, TELEFONE1, TELEFONE2) VALUES ('123.456.789-01', 'JOAO CARLOS MENDES','SP', 'SAO PAULO', 'CENTRO', 'RUA ALPHA', 100, '(11)91234-1111', '(22)92222-2222');
INSERT INTO PESSOA (CPF, NOME, ESTADO, CIDADE, BAIRRO, RUA, NUMERO) VALUES ('987.654.321-02', 'MARIA SILVA OLIVEIRA','RJ', 'RIO DE JANEIRO', 'TIJUCA', 'RUA BETA', 200);
INSERT INTO PESSOA (CPF, NOME) VALUES ('000.000.000-00', 'JOSE JOAO JORIVALDO');
INSERT INTO PESSOA (CPF, NOME) VALUES ('111.111.111-11', 'PETER PARKER');
--ENFERMEIROS
INSERT INTO PESSOA (CPF, NOME, TELEFONE1) VALUES ('111.222.333-03', 'CARLA PEREIRA SANTOS', '(31)93456-3333');
INSERT INTO PESSOA (CPF, NOME) VALUES ('222.333.444-04', 'PAULO ROBERTO LIMA');
INSERT INTO PESSOA (CPF, NOME) VALUES ('222.222.222-22', 'PEDRO GONZALES');
INSERT INTO PESSOA (CPF, NOME) VALUES ('333.333.333-33', 'MACHADO DE ASSIS');
--PACIENTES COMUNS
INSERT INTO PESSOA (CPF, NOME, TELEFONE1) VALUES ('333.444.555-05', 'ANA BEATRIZ COSTA','(51)95678-5555');
--DOADORES
INSERT INTO PESSOA (CPF, NOME) VALUES ('444.555.666-06', 'LUCAS HENRIQUE SOUZA');
INSERT INTO PESSOA (CPF, NOME) VALUES ('111.111.111-10', 'SAMUEL VERONEZ');
--RECEPTORES
INSERT INTO PESSOA (CPF, NOME) VALUES ('222.222.222-10', 'PEDRO SALMAZE');
INSERT INTO PESSOA (CPF, NOME) VALUES ('333.333.333-10', 'MAURICIO RICARDO');
INSERT INTO PESSOA (CPF, NOME) VALUES ('444.444.444-10', 'TIAGO LUIS');
--EX-RECEPTORES
INSERT INTO PESSOA (CPF, NOME) VALUES ('555.555.555-10', 'NADIA CAZARIM');
INSERT INTO PESSOA (CPF, NOME) VALUES ('546.123.852-91', 'JULIANO PEIXOTO');
--EX-DOADORES
INSERT INTO PESSOA (CPF, NOME) VALUES ('987.987.987-98', 'OTAVIO PRESTES');

INSERT INTO FUNCIONARIO (PESSOA, FUNCAO) VALUES (1, 'M');
INSERT INTO FUNCIONARIO (PESSOA, FUNCAO) VALUES (2, 'M');
INSERT INTO FUNCIONARIO (PESSOA, FUNCAO) VALUES (3, 'M');
INSERT INTO FUNCIONARIO (PESSOA, FUNCAO) VALUES (4, 'M');
INSERT INTO FUNCIONARIO (PESSOA, FUNCAO) VALUES (5, 'E');
INSERT INTO FUNCIONARIO (PESSOA, FUNCAO) VALUES (6, 'E');
INSERT INTO FUNCIONARIO (PESSOA, FUNCAO) VALUES (7, 'E');
INSERT INTO FUNCIONARIO (PESSOA, FUNCAO) VALUES (8, 'E');

INSERT INTO MEDICO (FUNCIONARIO, CRM, VALIDADE_CRM, ESPECIALIZACAO) VALUES (1, '123456-SP', DATE '2028-12-31', 'CIRURGIA GERAL');
INSERT INTO MEDICO (FUNCIONARIO, CRM, VALIDADE_CRM, ESPECIALIZACAO) VALUES (2, '666666-SP', DATE '2028-10-21', 'CIRURGIA GERAL');
INSERT INTO MEDICO (FUNCIONARIO, CRM, VALIDADE_CRM, ESPECIALIZACAO) VALUES (3, '777777-RJ', DATE '2028-01-14', 'CIRURGIA CARDIOVASCULAR');
INSERT INTO MEDICO (FUNCIONARIO, CRM, VALIDADE_CRM, ESPECIALIZACAO) VALUES (4, '888888-RJ', DATE '2028-05-31', 'CIRURGIA CARDIOVASCULAR');

INSERT INTO ENFERMEIRO (FUNCIONARIO, COREN, VALIDADE_COREN) VALUES (5, '543210-ENF SP', DATE '2027-06-30');
INSERT INTO ENFERMEIRO (FUNCIONARIO, COREN, VALIDADE_COREN) VALUES (6, '678901-ENF MG', DATE '2026-09-15');
INSERT INTO ENFERMEIRO (FUNCIONARIO, COREN, VALIDADE_COREN) VALUES (7, '123654-ENF RJ', DATE '2028-12-05');
INSERT INTO ENFERMEIRO (FUNCIONARIO, COREN, VALIDADE_COREN) VALUES (8, '789654-ENF ES', DATE '2029-02-10');

--COMUNS
INSERT INTO PACIENTE (PESSOA, SEXO, NASCIMENTO, COR, PESO) VALUES (9, 'F', DATE '1978-07-01', 'PRETO', 91.30);
--DOADORES
INSERT INTO PACIENTE (PESSOA, SEXO, NASCIMENTO, COR, PESO) VALUES (10, 'M', DATE '1995-02-18', 'AMARELO', 59.10);
INSERT INTO PACIENTE (PESSOA, SEXO, NASCIMENTO, COR, PESO) VALUES (11, 'M', DATE '2001-09-09', 'PARDO', 77.00);
--RECEPTORES
INSERT INTO PACIENTE (PESSOA, SEXO, NASCIMENTO, COR, PESO) VALUES (12, 'M', DATE '1990-11-19', 'PARDO', 60.00);
INSERT INTO PACIENTE (PESSOA, SEXO, NASCIMENTO, COR, PESO) VALUES (13, 'M', DATE '2012-02-29', 'BRANCO', 170.00);
INSERT INTO PACIENTE (PESSOA, SEXO, NASCIMENTO, COR, PESO) VALUES (14, 'M', DATE '2001-05-24', 'PRETO', 88.00);
--EX-RECEPTORES
INSERT INTO PACIENTE (PESSOA, SEXO, NASCIMENTO, COR, PESO) VALUES (15, 'F', DATE '2000-01-08', 'AMARELO', 57.00);
INSERT INTO PACIENTE (PESSOA, SEXO, NASCIMENTO, COR, PESO) VALUES (16, 'M', DATE '2000-01-08', 'INDIGENA', 57.00);
--EX-DOADORES
INSERT INTO PACIENTE (PESSOA, SEXO, NASCIMENTO, OBITO, COR, PESO) VALUES (17, 'M', DATE '2000-01-08', TIMESTAMP '2025-10-15 05:29:00', 'BRANCO', 57.00);

INSERT INTO ESPECIALIZACAO_PACIENTE (PACIENTE, TIPO) VALUES (10, 'D');
INSERT INTO ESPECIALIZACAO_PACIENTE (PACIENTE, TIPO) VALUES (11, 'D');
INSERT INTO ESPECIALIZACAO_PACIENTE (PACIENTE, TIPO) VALUES (12, 'R');
INSERT INTO ESPECIALIZACAO_PACIENTE (PACIENTE, TIPO) VALUES (13, 'R');
INSERT INTO ESPECIALIZACAO_PACIENTE (PACIENTE, TIPO) VALUES (14, 'R');

INSERT INTO TRABALHA (FUNCIONARIO, HOSPITAL) VALUES (1, 1);
INSERT INTO TRABALHA (FUNCIONARIO, HOSPITAL) VALUES (2, 1);
INSERT INTO TRABALHA (FUNCIONARIO, HOSPITAL) VALUES (3, 2);
INSERT INTO TRABALHA (FUNCIONARIO, HOSPITAL) VALUES (4, 2);
INSERT INTO TRABALHA (FUNCIONARIO, HOSPITAL) VALUES (5, 1);
INSERT INTO TRABALHA (FUNCIONARIO, HOSPITAL) VALUES (6, 1);
INSERT INTO TRABALHA (FUNCIONARIO, HOSPITAL) VALUES (7, 2);
INSERT INTO TRABALHA (FUNCIONARIO, HOSPITAL) VALUES (8, 2);

INSERT INTO HISTORICO_PACIENTE (PACIENTE, DATA_HORARIO, CID, DESCRICAO) VALUES (9,TIMESTAMP '2025-01-10 14:25:00','J45','CRISE DE ASMA CONTROLADA');
INSERT INTO HISTORICO_PACIENTE (PACIENTE, DATA_HORARIO, CID, DESCRICAO) VALUES (9,TIMESTAMP '2025-02-02 09:10:30','I10','HIPERTENSAO ARTERIAL ESTAVEL');

INSERT INTO RECEPTOR_ESPERA (RECEPTOR, TIPO_ORGAO, PRIORIDADE) VALUES (12, 'RIM', 1);
INSERT INTO RECEPTOR_ESPERA (RECEPTOR, TIPO_ORGAO, PRIORIDADE) VALUES (13, 'FIGADO', 2);
INSERT INTO RECEPTOR_ESPERA (RECEPTOR, TIPO_ORGAO, PRIORIDADE) VALUES (14, 'CORACAO', 1);

INSERT INTO DOADOR_DOA (DOADOR, TIPO_ORGAO) VALUES (10, 'RIM');
INSERT INTO DOADOR_DOA (DOADOR, TIPO_ORGAO) VALUES (11, 'FIGADO');

INSERT INTO EXAME (PACIENTE, LABORATORIO, DATA_HORARIO, TIPO, MEDICO_SUPERVISOR, RESULTADO) VALUES (11,1,TIMESTAMP '2022-03-10 08:30:00', 'HEMOGRAMA COMPLETO',1,'TIPO SANGUINEO O-, HLA-A*273');
INSERT INTO EXAME (PACIENTE, LABORATORIO, DATA_HORARIO, TIPO, MEDICO_SUPERVISOR, RESULTADO) VALUES (15,1,TIMESTAMP '2021-01-20 06:30:00', 'HEMOGRAMA COMPLETO',1,'TIPO SANGUINEO A+, HLA-A*273');
INSERT INTO EXAME (PACIENTE, LABORATORIO, DATA_HORARIO, TIPO, MEDICO_SUPERVISOR, RESULTADO) VALUES (17,2,TIMESTAMP '2023-05-12 07:15:00', 'HEMOGRAMA COMPLETO',3,'TIPO SANGUINEO B+, HLA-C*321');
INSERT INTO EXAME (PACIENTE, LABORATORIO, DATA_HORARIO, TIPO, MEDICO_SUPERVISOR, RESULTADO) VALUES (16,2,TIMESTAMP '2019-02-10 23:30:00', 'HEMOGRAMA COMPLETO',3,'TIPO SANGUINEO AB+, HLA-C*321');        

INSERT INTO INTERNACAO (PACIENTE, HOSPITAL, NUMERO, DATA_HORARIO_ENTRADA, DATA_HORARIO_ALTA) VALUES (11,1,2,TIMESTAMP '2025-05-10 08:00:00',TIMESTAMP '2025-05-15 09:30:00');
INSERT INTO INTERNACAO (PACIENTE, HOSPITAL, NUMERO, DATA_HORARIO_ENTRADA, DATA_HORARIO_ALTA) VALUES (15,1,3,TIMESTAMP '2025-02-12 23:42:00',TIMESTAMP '2025-05-15 09:30:00');
INSERT INTO INTERNACAO (PACIENTE, HOSPITAL, NUMERO, DATA_HORARIO_ENTRADA, DATA_HORARIO_ALTA) VALUES (17,2,1,TIMESTAMP '2025-10-13 07:45:00',TIMESTAMP '2025-10-15 06:00:00');
INSERT INTO INTERNACAO (PACIENTE, HOSPITAL, NUMERO, DATA_HORARIO_ENTRADA, DATA_HORARIO_ALTA) VALUES (16,2,2,TIMESTAMP '2025-08-23 11:17:00',TIMESTAMP '2025-10-30 14:00:00');

INSERT INTO CIRURGIA (PACIENTE, HOSPITAL, NUMERO_SALA, DATA_HORARIO_INICIO, DATA_HORARIO_TERMINO, TIPO) VALUES (11, 1, 20, TIMESTAMP '2025-05-10 11:00:00',TIMESTAMP '2025-05-10 16:00:00','C');
INSERT INTO CIRURGIA (PACIENTE, HOSPITAL, NUMERO_SALA, DATA_HORARIO_INICIO, DATA_HORARIO_TERMINO, TIPO) VALUES (15, 1, 21, TIMESTAMP '2025-05-10 12:00:00',TIMESTAMP '2025-05-10 18:00:00','R');
INSERT INTO CIRURGIA (PACIENTE, HOSPITAL, NUMERO_SALA, DATA_HORARIO_INICIO, DATA_HORARIO_TERMINO, TIPO) VALUES (17, 2, 100, TIMESTAMP '2025-10-15 06:15:00',TIMESTAMP '2025-10-15 11:00:00','C');
INSERT INTO CIRURGIA (PACIENTE, HOSPITAL, NUMERO_SALA, DATA_HORARIO_INICIO, DATA_HORARIO_TERMINO, TIPO) VALUES (16, 2, 101, TIMESTAMP '2025-10-15 07:00:00',TIMESTAMP '2025-10-15 14:00:00','R');

INSERT INTO CIRURGIA_COLETA (CIRURGIA) VALUES (1);
INSERT INTO CIRURGIA_COLETA (CIRURGIA) VALUES (3);

INSERT INTO CIRURGIA_RECEPCAO (CIRURGIA) VALUES (2);
INSERT INTO CIRURGIA_RECEPCAO (CIRURGIA) VALUES (4);

INSERT INTO OPERA (MEDICO, CIRURGIA) VALUES (1, 1);
INSERT INTO OPERA (MEDICO, CIRURGIA) VALUES (2, 3);
INSERT INTO OPERA (MEDICO, CIRURGIA) VALUES (3, 2);
INSERT INTO OPERA (MEDICO, CIRURGIA) VALUES (4, 4);

INSERT INTO AUXILIA (ENFERMEIRO, CIRURGIA) VALUES (5, 1);
INSERT INTO AUXILIA (ENFERMEIRO, CIRURGIA) VALUES (6, 3);
INSERT INTO AUXILIA (ENFERMEIRO, CIRURGIA) VALUES (7, 2);
INSERT INTO AUXILIA (ENFERMEIRO, CIRURGIA) VALUES (8, 4);

INSERT INTO ORGAO (TIPO, COLETA, LADO, RECEPCAO, TAMANHO, PESO, TIPO_SANGUINEO, RH, HLA)
    VALUES ('RIM', 1, 'DIREITO', 2, 12, 0.15, 'O', '-', 'HLA-A*273');
INSERT INTO ORGAO (TIPO, COLETA, LADO, RECEPCAO, TAMANHO, PESO, TIPO_SANGUINEO, RH, HLA)
    VALUES('CORACAO', 3, 'INDIFERENTE', 4, 12, 0.3, 'B', '+', 'HLA-C*321');
    
EXEC DBMS_STATS.GATHER_SCHEMA_STATS(NULL, NULL);